bucket,contract_id,job_title,job_amount,category,subcategory,num_opening_attachments,opening_attachment_files,num_deliverable_files,deliverable_files,has_milestones_json,has_chat_messages_json
paid,26605304,Brauche hilfe Satzung Zweck umschreiben,50.00000000,Writing,Professional & Business Writing,0,,2,deliverables/.DS_Store;deliverables/paid_7569921/ODBK VEREINSATZUNG.docx,True,True
paid,30123230,Web Developer to Apply Mockup from PSD to Wordpress Elementor,40.00000000,"Web, Mobile & Software Dev",Web & Mobile Design,0,,5,deliverables/.DS_Store;deliverables/paid_9951750/screencapture-services-sbsgroup-sg-accounting-services-2022-05-15-13_20_36.png;deliverables/paid_10848685/screencapture-giatroizois-gr-home-2022-10-13-16_34_27.png;deliverables/paid_13826749/screencapture-prostatecancer-gr-home-2024-02-17-15_39_09.png;deliverables/paid_11522376/screencapture-neo-centralurology-gr-2023-02-04-23_09_17.png,True,True
paid,35648772,Century Spring Test Blog Article (1),360.00000000,Writing,Content Writing,0,,1,deliverables/paid_13418001/Types of Springs and Their Applications-Gdraft12082023.docx,True,True
paid,36052742,CS Compression Springs Landing Page Copywriting,225.00000000,Writing,Sales & Marketing Copywriting,0,,1,deliverables/paid_13653865/Compression Spring Landing-GG01192024.docx,True,True
paid,37923084,Data flow mapping for CRM,150.00000000,Data Science & Analytics,Data Analysis & Testing,0,,2,deliverables/paid_14860815/Project Cost Summary.png;deliverables/paid_14860815/Process Flowchart.png,True,True
paid,39466449,kit anger,130.00000000,Design & Creative,"Graphic, Editorial & Presentation Design",0,,1,deliverables/paid_15734294/E-book Anger.working.docx,True,True
paid,41712429,American English VO for short animated video,40.00000000,Design & Creative,Performing Arts,0,,2,deliverables/paid_17156442/Orris Creative Arena 2.1.mp3;deliverables/paid_17156442/Orris Creative Arena 2.2.mp3,True,True
paid,41829618,Draft and Send Demand Letter via Certified Mail and Email,,Sales & Marketing,Digital Marketing,0,,2,deliverables/paid_17320887/DEMAND_FINAL.docx;deliverables/paid_17320887/F.ALI_Demand letter.Final_Pre litigation_10.5.2025.pdf,True,True
paid,42204309,Project Rebuild MVP – Base NFT + Referral Engine + Fiat On-Ramp,6500.00000000,"Web, Mobile & Software Dev",Web Development,0,,70,deliverables/.DS_Store;deliverables/paid_17490607/.DS_Store;deliverables/paid_17490607/Project Rebuild_ step-by-step guide for setting up and testing the contracts.pdf;deliverables/paid_17490607/projectrebuild-main/foundry.toml;deliverables/paid_17490607/projectrebuild-main/Dockerfile;deliverables/paid_17490607/projectrebuild-main/Makefile;deliverables/paid_17490607/projectrebuild-main/foundry.lock;deliverables/paid_17490607/projectrebuild-main/.gitmodules;deliverables/paid_17490607/projectrebuild-main/README.md;deliverables/paid_17490607/projectrebuild-main/.dockerignore;deliverables/paid_17490607/projectrebuild-main/.gitignore;deliverables/paid_17490607/projectrebuild-main/package.json;deliverables/paid_17490607/projectrebuild-main/docker-compose.override.yml.example;deliverables/paid_17490607/projectrebuild-main/docker-compose.yml;deliverables/paid_17490607/projectrebuild-main/test/tickets/TicketReset.t.sol;deliverables/paid_17490607/projectrebuild-main/test/tickets/SmallBlock.t.sol;deliverables/paid_17490607/projectrebuild-main/test/tickets/TicketAwarding.t.sol;deliverables/paid_17490607/projectrebuild-main/test/tickets/BigBlock.t.sol;deliverables/paid_17490607/projectrebuild-main/test/pools/BigBlockPool.t.sol;deliverables/paid_17490607/projectrebuild-main/test/pools/SmallBlockPool.t.sol;deliverables/paid_17490607/projectrebuild-main/test/pools/PoolAccounting.t.sol;deliverables/paid_17490607/projectrebuild-main/test/mint/Mint.t.sol;deliverables/paid_17490607/projectrebuild-main/test/mint/Referral.t.sol;deliverables/paid_17490607/projectrebuild-main/test/mint/RandomReferral.t.sol;deliverables/paid_17490607/projectrebuild-main/test/mint/RoyaltySecondary.t.sol;deliverables/paid_17490607/projectrebuild-main/test/utils/Helpers.t.sol;deliverables/paid_17490607/projectrebuild-main/test/aave/Staking.t.sol;deliverables/paid_17490607/projectrebuild-main/test/vrf/VRFReferral.t.sol;deliverables/paid_17490607/projectrebuild-main/test/vrf/VRFDraws.t.sol;deliverables/paid_17490607/projectrebuild-main/test/metadata/URIUpdates.t.sol;deliverables/paid_17490607/projectrebuild-main/test/metadata/MetadataRenderer.t.sol;deliverables/paid_17490607/projectrebuild-main/test/full-flow/EndToEndSimulation.t.sol;deliverables/paid_17490607/projectrebuild-main/contracts/mocks/MockUSDC.sol;deliverables/paid_17490607/projectrebuild-main/contracts/mocks/MockSecondaryMarketplace.sol;deliverables/paid_17490607/projectrebuild-main/contracts/mocks/MockVRFCoordinator.sol;deliverables/paid_17490607/projectrebuild-main/contracts/mocks/MockAavePool.sol;deliverables/paid_17490607/projectrebuild-main/contracts/core/MetadataRenderer.sol;deliverables/paid_17490607/projectrebuild-main/contracts/core/ProjectRebuildNFT.sol;deliverables/paid_17490607/projectrebuild-main/contracts/core/RewardsLibrary.sol;deliverables/paid_17490607/projectrebuild-main/contracts/core/AaveStaking.sol;deliverables/paid_17490607/projectrebuild-main/contracts/core/ERC721C.sol;deliverables/paid_17490607/projectrebuild-main/contracts/core/VRFConsumer.sol;deliverables/paid_17490607/projectrebuild-main/contracts/core/TicketManager.sol;deliverables/paid_17490607/projectrebuild-main/contracts/core/PoolsLibrary.sol;deliverables/paid_17490607/projectrebuild-main/contracts/core/PrizePool.sol;deliverables/paid_17490607/projectrebuild-main/contracts/core/ReferralLibrary.sol;deliverables/paid_17490607/projectrebuild-main/contracts/libraries/Structs.sol;deliverables/paid_17490607/projectrebuild-main/contracts/libraries/Base64.sol;deliverables/paid_17490607/projectrebuild-main/contracts/libraries/Utils.sol;deliverables/paid_17490607/projectrebuild-main/contracts/errors/PrizeErrors.sol;deliverables/paid_17490607/projectrebuild-main/contracts/errors/VRFErrors.sol;deliverables/paid_17490607/projectrebuild-main/contracts/errors/AccessErrors.sol;deliverables/paid_17490607/projectrebuild-main/contracts/errors/TicketErrors.sol;deliverables/paid_17490607/projectrebuild-main/contracts/errors/MintErrors.sol;deliverables/paid_17490607/projectrebuild-main/contracts/errors/PoolErrors.sol;deliverables/paid_17490607/projectrebuild-main/contracts/interfaces/IAavePool.sol;deliverables/paid_17490607/projectrebuild-main/contracts/interfaces/IVRFCoordinator.sol;deliverables/paid_17490607/projectrebuild-main/contracts/interfaces/IVRFConsumerBaseV2.sol;deliverables/paid_17490607/projectrebuild-main/contracts/interfaces/IUSDC.sol;deliverables/paid_17490607/projectrebuild-main/contracts/interfaces/IMetadataRenderer.sol;deliverables/paid_17490607/projectrebuild-main/contracts/interfaces/IProjectRebuildNFT.sol;deliverables/paid_17490607/projectrebuild-main/contracts/interfaces/IPrizePool.sol;deliverables/paid_17490607/projectrebuild-main/contracts/interfaces/ITicketManager.sol;deliverables/paid_17490607/projectrebuild-main/contracts/deployments/config.json;deliverables/paid_17490607/projectrebuild-main/contracts/deployments/DeployProjectRebuild.s.sol;deliverables/paid_17490607/projectrebuild-main/contracts/deployments/DeployMocks.s.sol;deliverables/paid_17490607/projectrebuild-main/docs/docker.md;deliverables/paid_17490607/projectrebuild-main/scripts/setup-dependencies.sh;deliverables/paid_17490607/projectrebuild-main/scripts/docker-setup.sh;deliverables/paid_17680441/Project Rebuild - Launch Announcement.pdf,True,True
paid,43127940,Resume and Cover Letter Writing,,Accounting & Consulting,Personal & Professional Coaching,0,,5,deliverables/.DS_Store;deliverables/paid_18427787/Standard Cover Letter - Elizabeth Barriga.docx;deliverables/paid_18427787/Signature Cover Letter - Elizabeth Barriga.pdf;deliverables/paid_18427787/Signature Resume - Elizabeth Barriga.pdf;deliverables/paid_18427787/Standard Resume - Elizabeth Barriga.docx,True,True
paid,43214420,"PCB Design for ESP32 Project - Power, Main, and Sensor Boards",200.00000000,Engineering & Architecture,Electrical & Electronic Engineering,0,,80,deliverables/.DS_Store;deliverables/paid_18156583/.DS_Store;deliverables/paid_18156583/IoT_Environmental_Monitoring_Device_Power/IoT_Environmental_Monitoring_Device_Power.kicad_pro;deliverables/paid_18156583/IoT_Environmental_Monitoring_Device_Power/fabrication-toolkit-options.json;deliverables/paid_18156583/IoT_Environmental_Monitoring_Device_Power/IoT_Environmental_Monitoring_Device_Power.kicad_sch;deliverables/paid_18156583/IoT_Environmental_Monitoring_Device_Power/fp-lib-table;deliverables/paid_18156583/IoT_Environmental_Monitoring_Device_Power/_autosave-IoT_Environmental_Monitoring_Device_Power.kicad_prl;deliverables/paid_18156583/IoT_Environmental_Monitoring_Device_Power/IoT_Environmental_Monitoring_Device_Power.kicad_pcb;deliverables/paid_18156583/IoT_Environmental_Monitoring_Device_Power/IoT_Environmental_Monitoring_Device_Power.kicad_prl;deliverables/paid_18156583/IoT_Environmental_Monitoring_Device_Power/fp-info-cache;deliverables/paid_18156583/IoT_Environmental_Monitoring_Device_Power/sym-lib-table;deliverables/paid_18156583/IoT_Environmental_Monitoring_Device_Power/3D/IoT_Environmental_Monitoring_Device_Power.step;deliverables/paid_18156583/IoT_Environmental_Monitoring_Device_Power/BOM/ibom.html;deliverables/paid_18156583/IoT_Environmental_Monitoring_Device_Power/libs/easyeda/easyeda.kicad_sym;deliverables/paid_18156583/IoT_Environmental_Monitoring_Device_Power/libs/easyeda/easyeda.pretty/CONN-SMD_S7B-PH-SM4-TB-LF-SN.kicad_mod;deliverables/paid_18156583/IoT_Environmental_Monitoring_Device_Power/libs/easyeda/easyeda.pretty/CONN-SMD_BM05B-GHS-TBT.kicad_mod;deliverables/paid_18156583/IoT_Environmental_Monitoring_Device_Power/libs/easyeda/easyeda.pretty/SOT-23-6_L2.9-W1.6-P0.95-LS2.8-BL.kicad_mod;deliverables/paid_18156583/IoT_Environmental_Monitoring_Device_Power/libs/easyeda/easyeda.pretty/USB-C-SMD_TYPE-C-31-M-31.kicad_mod;deliverables/paid_18156583/IoT_Environmental_Monitoring_Device_Power/libs/easyeda/easyeda.pretty/CONN-SMD_13P-P1.25_HDGC_HDGC1257WV-S-13P.kicad_mod;deliverables/paid_18156583/IoT_Environmental_Monitoring_Device_Power/libs/easyeda/easyeda.pretty/CONN-SMD_SM13B-GHS-TB-LF-SN.kicad_mod;deliverables/paid_18156583/IoT_Environmental_Monitoring_Device_Power/libs/easyeda/easyeda.pretty/SOT-23-6_L2.9-W1.6-P0.95-LS2.8-BR.kicad_mod;deliverables/paid_18156583/IoT_Environmental_Monitoring_Device_Power/libs/easyeda/easyeda.pretty/QFN-40_L5.0-W5.0-P0.40-TL-EP3.4.kicad_mod;deliverables/paid_18156583/IoT_Environmental_Monitoring_Device_Power/libs/easyeda/easyeda.pretty/CONN-SMD_SM7B-GHS-TB-LF-SN.kicad_mod;deliverables/paid_18156583/IoT_Environmental_Monitoring_Device_Power/libs/easyeda/easyeda.pretty/CONN-TH_SM03B-GHS-TB-LF-SN.kicad_mod;deliverables/paid_18156583/IoT_Environmental_Monitoring_Device_Power/libs/easyeda/easyeda.pretty/CONN-SMD_5P-P1.25_SM05B-GHS-TB-LF-SN.kicad_mod;deliverables/paid_18156583/IoT_Environmental_Monitoring_Device_Power/libs/easyeda/easyeda.pretty/L1008.kicad_mod;deliverables/paid_18156583/IoT_Environmental_Monitoring_Device_Power/libs/easyeda/easyeda.pretty/CONN-SMD_S3B-PH-SM4-TB-LF-SN.kicad_mod;deliverables/paid_18156583/IoT_Environmental_Monitoring_Device_Power/libs/easyeda/easyeda.pretty/CONN-SMD_S4B-PH-SM4-TB-LF-SN.kicad_mod;deliverables/paid_18156583/IoT_Environmental_Monitoring_Device_Power/libs/easyeda/easyeda.pretty/USB-SMD_HH-16P-TYPE-C-Y495.kicad_mod;deliverables/paid_18156583/IoT_Environmental_Monitoring_Device_Power/libs/easyeda/easyeda.pretty/USB-C-SMD_10P-P1.00-L6.8-W8.9.kicad_mod;deliverables/paid_18156583/IoT_Environmental_Monitoring_Device_Power/libs/easyeda/easyeda.pretty/CONN-TH_SM06B-GHS-TB-LF-SN.kicad_mod;deliverables/paid_18156583/IoT_Environmental_Monitoring_Device_Power/libs/easyeda/easyeda.3dshapes/CONN-SMD_SM13B-GHS-TB-LF-SN.step;deliverables/paid_18156583/IoT_Environmental_Monitoring_Device_Power/libs/easyeda/easyeda.3dshapes/CONN-SMD_BM05B-GHS-TBT.wrl;deliverables/paid_18156583/IoT_Environmental_Monitoring_Device_Power/libs/easyeda/easyeda.3dshapes/CONN-SMD_SM7B-GHS-TB-LF-SN.wrl;deliverables/paid_18156583/IoT_Environmental_Monitoring_Device_Power/libs/easyeda/easyeda.3dshapes/L1008.step;deliverables/paid_18156583/IoT_Environmental_Monitoring_Device_Power/libs/easyeda/easyeda.3dshapes/CONN-SMD_SM7B-GHS-TB-LF-SN.step;deliverables/paid_18156583/IoT_Environmental_Monitoring_Device_Power/libs/easyeda/easyeda.3dshapes/CONN-SMD_PH2.00-WS-3P.wrl;deliverables/paid_18156583/IoT_Environmental_Monitoring_Device_Power/libs/easyeda/easyeda.3dshapes/CONN-SMD_GH1.25-WS-6P.step;deliverables/paid_18156583/IoT_Environmental_Monitoring_Device_Power/libs/easyeda/easyeda.3dshapes/SOT-23-6_L2.9-W1.6-H1.5-LS2.8-P0.95.step;deliverables/paid_18156583/IoT_Environmental_Monitoring_Device_Power/libs/easyeda/easyeda.3dshapes/TYPE-C-SMD_6P-L8.9-W6.8-H3.2-P1.00.wrl;deliverables/paid_18156583/IoT_Environmental_Monitoring_Device_Power/libs/easyeda/easyeda.3dshapes/CONN-SMD_PH2.00-WS-4P.step;deliverables/paid_18156583/IoT_Environmental_Monitoring_Device_Power/libs/easyeda/easyeda.3dshapes/CONN-SMD_13P-P1.25_HDGC_HDGC1257WV-S-13P.wrl;deliverables/paid_18156583/IoT_Environmental_Monitoring_Device_Power/libs/easyeda/easyeda.3dshapes/CONN-SMD_PH2.00-WS-3P.step;deliverables/paid_18156583/IoT_Environmental_Monitoring_Device_Power/libs/easyeda/easyeda.3dshapes/SOT-23-6_L2.9-W1.6-H1.5-LS2.8-P0.95.wrl;deliverables/paid_18156583/IoT_Environmental_Monitoring_Device_Power/libs/easyeda/easyeda.3dshapes/TYPE-C-SMD_6P-L8.9-W6.8-H3.2-P1.00.step;deliverables/paid_18156583/IoT_Environmental_Monitoring_Device_Power/libs/easyeda/easyeda.3dshapes/CONN-SMD_GH1.25-WS-6P.wrl;deliverables/paid_18156583/IoT_Environmental_Monitoring_Device_Power/libs/easyeda/easyeda.3dshapes/CONN-SMD_SM13B-GHS-TB-LF-SN.wrl;deliverables/paid_18156583/IoT_Environmental_Monitoring_Device_Power/libs/easyeda/easyeda.3dshapes/CONN-SMD_GH1.25-WS-5P.step;deliverables/paid_18156583/IoT_Environmental_Monitoring_Device_Power/libs/easyeda/easyeda.3dshapes/CONN-SMD_PH2.00-WS-4P.wrl;deliverables/paid_18156583/IoT_Environmental_Monitoring_Device_Power/libs/easyeda/easyeda.3dshapes/CONN-SMD_PH2.00-WS-7P.step;deliverables/paid_18156583/IoT_Environmental_Monitoring_Device_Power/libs/easyeda/easyeda.3dshapes/L1008.wrl;deliverables/paid_18156583/IoT_Environmental_Monitoring_Device_Power/libs/easyeda/easyeda.3dshapes/CONN-SMD_PH2.00-WS-7P.wrl;deliverables/paid_18156583/IoT_Environmental_Monitoring_Device_Power/libs/easyeda/easyeda.3dshapes/CONN-SMD_GH1.25-WS-5P.wrl;deliverables/paid_18156583/IoT_Environmental_Monitoring_Device_Power/libs/easyeda/easyeda.3dshapes/QFN-40_L5.0-W5.0-H0.9-P0.4-TL-EP.wrl;deliverables/paid_18156583/IoT_Environmental_Monitoring_Device_Power/libs/easyeda/easyeda.3dshapes/USB-C-SMD_TYPE-C-31-M-31.step;deliverables/paid_18156583/IoT_Environmental_Monitoring_Device_Power/libs/easyeda/easyeda.3dshapes/CONN-SMD_BM05B-GHS-TBT.step;deliverables/paid_18156583/IoT_Environmental_Monitoring_Device_Power/libs/easyeda/easyeda.3dshapes/CONN-TH_SM03B-GHS-TB-LF-SN.step;deliverables/paid_18156583/IoT_Environmental_Monitoring_Device_Power/libs/easyeda/easyeda.3dshapes/USB-C-SMD_TYPE-C-31-M-31.wrl;deliverables/paid_18156583/IoT_Environmental_Monitoring_Device_Power/libs/easyeda/easyeda.3dshapes/CONN-TH_SM03B-GHS-TB-LF-SN.wrl;deliverables/paid_18156583/IoT_Environmental_Monitoring_Device_Power/libs/easyeda/easyeda.3dshapes/QFN-40_L5.0-W5.0-H0.9-P0.4-TL-EP.step;deliverables/paid_18156583/IoT_Environmental_Monitoring_Device_Power/libs/easyeda/easyeda.3dshapes/CONN-SMD_13P-P1.25_HDGC_HDGC1257WV-S-13P.step;deliverables/paid_18156583/IoT_Environmental_Monitoring_Device_Power/production/netlist.ipc;deliverables/paid_18156583/IoT_Environmental_Monitoring_Device_Power/production/IoT_Environmental_Monitoring_Device_Power.zip;deliverables/paid_18156583/IoT_Environmental_Monitoring_Device_Power/production/positions.csv;deliverables/paid_18156583/IoT_Environmental_Monitoring_Device_Power/production/designators.csv;deliverables/paid_18156583/IoT_Environmental_Monitoring_Device_Power/production/BOM.xlsx;deliverables/paid_18156583/IoT_Environmental_Monitoring_Device_Power/Gerber/IoT_Environmental_Monitoring_Device_Power-In2_Cu.gbr;deliverables/paid_18156583/IoT_Environmental_Monitoring_Device_Power/Gerber/IoT_Environmental_Monitoring_Device_Power-job.gbrjob;deliverables/paid_18156583/IoT_Environmental_Monitoring_Device_Power/Gerber/IoT_Environmental_Monitoring_Device_Power-B_Silkscreen.gbr;deliverables/paid_18156583/IoT_Environmental_Monitoring_Device_Power/Gerber/IoT_Environmental_Monitoring_Device_Power-B_Cu.gbr;deliverables/paid_18156583/IoT_Environmental_Monitoring_Device_Power/Gerber/IoT_Environmental_Monitoring_Device_Power-PTH.drl;deliverables/paid_18156583/IoT_Environmental_Monitoring_Device_Power/Gerber/IoT_Environmental_Monitoring_Device_Power-F_Cu.gbr;deliverables/paid_18156583/IoT_Environmental_Monitoring_Device_Power/Gerber/IoT_Environmental_Monitoring_Device_Power-F_Paste.gbr;deliverables/paid_18156583/IoT_Environmental_Monitoring_Device_Power/Gerber/IoT_Environmental_Monitoring_Device_Power-Edge_Cuts.gbr;deliverables/paid_18156583/IoT_Environmental_Monitoring_Device_Power/Gerber/IoT_Environmental_Monitoring_Device_Power-F_Mask.gbr;deliverables/paid_18156583/IoT_Environmental_Monitoring_Device_Power/Gerber/IoT_Environmental_Monitoring_Device_Power-F_Silkscreen.gbr;deliverables/paid_18156583/IoT_Environmental_Monitoring_Device_Power/Gerber/IoT_Environmental_Monitoring_Device_Power-NPTH.drl;deliverables/paid_18156583/IoT_Environmental_Monitoring_Device_Power/Gerber/IoT_Environmental_Monitoring_Device_Power-In1_Cu.gbr;deliverables/paid_18156583/IoT_Environmental_Monitoring_Device_Power/Gerber/IoT_Environmental_Monitoring_Device_Power-B_Mask.gbr;deliverables/paid_18156583/IoT_Environmental_Monitoring_Device_Power/Gerber/IoT_Environmental_Monitoring_Device_Power-B_Paste.gbr,True,True
paid,43243270,Luxury Content Creator for Business Pitches and Brochures,,Design & Creative,"Graphic, Editorial & Presentation Design",0,,3,deliverables/paid_18236783/PAGE1b (1).pdf;deliverables/paid_18273232/a1.pdf;deliverables/paid_18167558/aerospace.1b.jpg,True,True
paid,43255761,Word Templates,300.00000000,Design & Creative,"Graphic, Editorial & Presentation Design",0,,5,deliverables/paid_18138778/Bestyrelsesmode_v17.docx;deliverables/paid_18138778/Bestyrelsesseminar_v17.docx;deliverables/paid_18138778/Vedledning_v17.docx;deliverables/paid_18138778/New Styles.docx;deliverables/paid_18138778/Indstilling_v14.docx,True,True
paid,43503853,Custom Beverage Mixing Device Prototype (DJ-Style Matcha Mixer),5000.00000000,"Web, Mobile & Software Dev",Web & Mobile Design,0,,4,deliverables/.DS_Store;deliverables/paid_18320810/Project BOM Finalized.pdf;deliverables/paid_18320810/Basic Wiring Overview.pdf;deliverables/paid_18320810/Order Details.pdf,True,True
paid,43531571,Graphic Novel Script Adapter Needed — Create Polished Sample for Crowdfunding,100.00000000,Writing,Content Writing,1,attachments/TOM Episode1 final.docx,1,deliverables/paid_18333497/TOM comic script sample.docx,True,True
paid,43711852,Print Designer needed — production artwork files for luxury pareo brand,200.00000000,Design & Creative,Art & Illustration,0,,0,,False,True
paid,43767619,Ambivalent Prophet Developmental Edit,4848.00000000,Writing,Editing & Proofreading Services,0,,2,deliverables/paid_18631229/1st Round Dev Edit-Ambivalent Prophet_ALW comments.docx;deliverables/paid_18718229/Ambivalent Prophet Editorial Letter_ALW.docx,True,True
paid,43772711,New SaaS Website Landing Page Design,,"Web, Mobile & Software Dev",Web & Mobile Design,0,,4,deliverables/paid_18496328/4.png;deliverables/paid_18496328/2.png;deliverables/paid_18496328/3.png;deliverables/paid_18496328/1.png,True,True
paid,43796672,Landing Page Design for New Product,5.00000000,"Web, Mobile & Software Dev",Web & Mobile Design,0,,1,deliverables/paid_18501443/new again.png,True,True
paid,43945601,Typography-Focused Designer for VELLVÉ,350.00000000,Design & Creative,"Graphic, Editorial & Presentation Design",0,,1,deliverables/paid_18709609/VELLVE45.png,True,True
paid,43948285,Design Website for our Franchise Store,150.00000000,"Web, Mobile & Software Dev",Web & Mobile Design,0,,2,deliverables/paid_18712288/screencapture-miguelmoises96-website-2-editor-wix-html-editor-web-renderer-edit-4fe2920d-8ac5-4494-bec1-69ed1da66e7d-2026-07-12-09_36_31.png;deliverables/paid_18712288/screencapture-miguelmoises96-my-site-1-editor-wix-html-editor-web-renderer-edit-aa115e6c-48a8-4f13-a89f-f86a0c07d8e9-2026-07-16-19_20_24.png,True,True
paid,43969153,Logo needed for UK start up catering company,,Design & Creative,"Graphic, Editorial & Presentation Design",0,,28,deliverables/paid_18690751/Global Dough final files/PSD/Logo-03.psd;deliverables/paid_18690751/Global Dough final files/PSD/Logo-02.psd;deliverables/paid_18690751/Global Dough final files/PSD/Logo-01.psd;deliverables/paid_18690751/Global Dough final files/PSD/Logo-04.psd;deliverables/paid_18690751/Global Dough final files/Color Codes/Color Codes.docx;deliverables/paid_18690751/Global Dough final files/PDF/Logo-04.pdf;deliverables/paid_18690751/Global Dough final files/PDF/Logo-03.pdf;deliverables/paid_18690751/Global Dough final files/PDF/Logo-02.pdf;deliverables/paid_18690751/Global Dough final files/PDF/Logo-01.pdf;deliverables/paid_18690751/Global Dough final files/PDF/Logo.pdf;deliverables/paid_18690751/Global Dough final files/Png/Logo-01.png;deliverables/paid_18690751/Global Dough final files/Png/Logo-02.png;deliverables/paid_18690751/Global Dough final files/Png/Logo-03.png;deliverables/paid_18690751/Global Dough final files/Png/Logo-04-04.png;deliverables/paid_18690751/Global Dough final files/Jpg/Logo-04.jpg;deliverables/paid_18690751/Global Dough final files/Jpg/Logo-01.jpg;deliverables/paid_18690751/Global Dough final files/Jpg/Logo-02.jpg;deliverables/paid_18690751/Global Dough final files/Jpg/Logo-03.jpg;deliverables/paid_18690751/Global Dough final files/Ai/Logo-03.ai;deliverables/paid_18690751/Global Dough final files/Ai/Logo-02.ai;deliverables/paid_18690751/Global Dough final files/Ai/Logo.ai;deliverables/paid_18690751/Global Dough final files/Ai/Logo-01.ai;deliverables/paid_18690751/Global Dough final files/Ai/Logo-04.ai;deliverables/paid_18690751/Global Dough final files/Eps/Logo.eps;deliverables/paid_18690751/Global Dough final files/Eps/Logo-04.eps;deliverables/paid_18690751/Global Dough final files/Eps/Logo-01.eps;deliverables/paid_18690751/Global Dough final files/Eps/Logo-02.eps;deliverables/paid_18690751/Global Dough final files/Eps/Logo-03.eps,True,True
paid,44027086,Visual Strategy Consultant for Nonfiction Book,600.00000000,Design & Creative,"Graphic, Editorial & Presentation Design",0,,14,deliverables/paid_18676458/Milestone_1_Visual_Strategy_Summary.docx;deliverables/paid_18676458/Chapter_2_Image_Tracker_UPDATED.xlsx;deliverables/paid_18676458/Sky_High-Chapter_3_MARKED.docx;deliverables/paid_18676458/Chapter_1_Image_Tracker_UPDATED.csv;deliverables/paid_18676458/Chapter_3_Image_Tracker_UPDATED.xlsx;deliverables/paid_18676458/Sky_High-Chapter_2_MARKED.docx;deliverables/paid_18676458/Sky_High-Chapter_1_MARKED.docx;deliverables/paid_18709292/Sky_High-Chapter_6_MARKED.docx;deliverables/paid_18709292/Chapter_5_Image_Tracker_UPDATED.xlsx;deliverables/paid_18709292/Milestone_2_Visual_Strategy_Summary.docx;deliverables/paid_18709292/Sky_High-Chapter_5_MARKED.docx;deliverables/paid_18709292/Chapter_4_Image_Tracker_UPDATED.xlsx;deliverables/paid_18709292/Chapter_6_Image_Tracker_UPDATED.xlsx;deliverables/paid_18709292/Sky_High-Chapter_4_MARKED.docx,True,True
paid,44041890,CHA2205 Charger Summit East,150.00000000,Engineering & Architecture,3D Modeling & CAD,0,,1,deliverables/paid_18678068/071126_Charger Services_Summit East.pdf,True,True
paid,44102153,I want to publish my paperback book. I am looking for an editor who can help me polish my manuscript,,Writing,Editing & Proofreading Services,0,,3,deliverables/paid_18724027/BYVTB - Final Word File.docx;deliverables/paid_18724027/Recording 2026-07-22 102028.mp4;deliverables/paid_18724027/BYVTB - Final Word File.pdf,True,True
paid,44117056,Licensed Electrical PE (NV) Needed to Review & Stamp Electrical As‑Built Drawings,,Engineering & Architecture,Electrical & Electronic Engineering,0,,1,deliverables/paid_18708984/Vegas-VA-AsBuilt_Notes (1).pdf,True,True
paid,44133873,Need Designer for Magazine Layout & Prepress Formatting,100.00000000,Design & Creative,"Graphic, Editorial & Presentation Design",0,,0,,False,True
paid,44159206,New floor plan from 6+1 to three new  1+1,30.00000000,Engineering & Architecture,Building & Landscape Architecture,5,attachments/Existing toilet tubing positions.jpg;attachments/Screenshot_20260711_091102_Multi-TIFF Viewer.jpg;attachments/Screenshot_20260711_093630_Gallery.jpg;attachments/Screenshot_20260710_152944_Adobe Acrobat.jpg;attachments/1059_19_2_mimari.png,6,deliverables/attachment_errors.txt;deliverables/paid_18737870/PLAN-02.pdf;deliverables/paid_18737870/General Floor Plan 1.pdf;deliverables/paid_18737870/General Floor Plan.rar;deliverables/paid_18740789/PLAN-01.jpg;deliverables/paid_18740789/Revision2.rar,True,True
paid,44160296,Subcontract Budget Support - Calculator & FCC,100.00000000,Accounting & Consulting,Financial Planning,0,,3,deliverables/paid_18736809/A signed-FCC_Splat_FY_2027_Subcontractor_Agreement_Form-NRC-Standard.pdf;deliverables/paid_18737525/FY 27 Subcontractor Agreement Splat Lab JHS 157 7.22.26 - UPDATED (1).pdf;deliverables/paid_18737525/FY 27 Subcontractor Agreement Splat Lab QC 7.22.26 - UPDATED (1).pdf,True,True
paid,44194756,Design screenshots for iOS app,,"Web, Mobile & Software Dev",Web & Mobile Design,0,,1,deliverables/paid_18761427/Feature Graph -Preview_no_alpha.png,True,True
unpaid_no_deliverable,37823726,"Math content designer for a game (late primary / early secondary)
",400.00000000,Engineering & Architecture,Physical Sciences,0,,0,,False,True
unpaid_no_deliverable,43424400,Crossfade Chronicles Animated Trailer,300.00000000,Design & Creative,Art & Illustration,0,,0,,False,True
unpaid_no_deliverable,43846196,Facebook Ad Account Issues,300.00000000,Accounting & Consulting,Accounting & Bookkeeping,0,,0,,False,True
unpaid_no_deliverable,44035087,"You will get WordPress Developer, WordPress Website, WordPress Designer, Website Design",300.00000000,Development & IT,Development,0,,0,,False,True
unpaid_no_deliverable,44082218,Lead Clipper to Lead a Clipper team,600.00000000,Sales & Marketing,Lead Generation & Telemarketing,0,,0,,False,True
unpaid_no_deliverable,44104854,TaxDome End-to-End Pipeline Build: Onboarding Through Return Delivery,400.00000000,"Web, Mobile & Software Dev",Web Development,0,,0,,False,True
unpaid_no_deliverable,44127283,Weeks 156-157,400.00000000,Sales & Marketing,Lead Generation & Telemarketing,0,,0,,False,True
unpaid_no_deliverable,44128864,Agua Arc Proposal Design - GreenLatinos RFQ,1400.00000000,Design & Creative,"Graphic, Editorial & Presentation Design",0,,0,,False,True
unpaid_no_deliverable,44135417,CAD Design Engineer for 3D Conversion,,Engineering & Architecture,3D Modeling & CAD,0,,0,,False,True
unpaid_no_deliverable,44138599,FB Video Ads Nutra,15.00000000,Design & Creative,Video & Animation,1,attachments/newvid.mp4,0,,False,True
unpaid_no_deliverable,44154158,Technical Photographer/Videographer for Strict Lighting & Angle Requirements,375.00000000,Design & Creative,Photography,0,,0,,False,True
unpaid_no_deliverable,44159104,Webflow Expert Needed for Simple SaaS Landing Page (Fast Turnaround),300.00000000,"Web, Mobile & Software Dev",Web & Mobile Design,0,,0,,False,True
unpaid_no_deliverable,44177602,International Executive Assistant & Operations Generalist,,Admin Support,Virtual Assistance,0,,0,,False,True
unpaid_no_deliverable,44178003,Audit Job - Stephen Fitz,200.00000000,Sales & Marketing,Digital Marketing,0,,0,,False,True
unpaid_no_deliverable,44183304,Mechanical Design Engineer Needed,200.00000000,Engineering & Architecture,Energy & Mechanical Engineering,0,,0,,False,True
unpaid_no_deliverable,44184863,Children's Book Character Sheet Illustrator Needed,10.00000000,Design & Creative,Art & Illustration,0,,0,,False,True
unpaid_no_deliverable,44184953,Troubleshoot and fix.,,Data Science & Analytics,AI & Machine Learning,0,,0,,False,True
unpaid_no_deliverable,44186585,WordPress Developer - Site Speed Optimization,,"Web, Mobile & Software Dev",Web Development,0,,0,,False,True
unpaid_no_deliverable,44189205,Paperback Cover: Blurb Edit & Font Consistency Fix,30.00000000,Design & Creative,"Graphic, Editorial & Presentation Design",0,,0,,False,True
unpaid_no_deliverable,44193787,Data Entry for Webinar Registrants,65.00000000,Admin Support,Data Entry & Transcription Services,0,,0,,False,True
unpaid_no_deliverable,44202166,Graphic Illustrator,30.00000000,Design & Creative,Art & Illustration,0,,0,,False,True
unpaid_with_deliverable,43804272,Update Android and Apple App and Localise to 87 languages,400.00000000,"Web, Mobile & Software Dev",Mobile Development,0,,4,deliverables/.DS_Store;deliverables/unpaid_18750259/Simulator Screenshot - iPhone 16 - 2026-07-28 at 06.50.03.png;deliverables/unpaid_18750259/Simulator Screenshot - iPhone 16 - 2026-07-28 at 06.50.07.png;deliverables/unpaid_18750259/Simulator Screenshot - iPhone 16 - 2026-07-28 at 06.50.05.png,True,True
unpaid_with_deliverable,44036410,Security report redesign x 4,180.00000000,Design & Creative,"Graphic, Editorial & Presentation Design",0,,8,deliverables/unpaid_18704967/F_RR-03.pdf;deliverables/unpaid_18704967/F_RR-02.pdf;deliverables/unpaid_18704967/V2_REV-1_RR-01.pdf;deliverables/unpaid_18704967/F_RR-04.pdf;deliverables/unpaid_18704967/RR-03.docx;deliverables/unpaid_18704967/RR-02.docx;deliverables/unpaid_18704967/V2_REV-1_RR-01.docx;deliverables/unpaid_18704967/RR-04.docx,True,True
unpaid_with_deliverable,44039904,"Blog, guest post, on page seo, off page seo",,Sales & Marketing,Digital Marketing,0,,1,deliverables/unpaid_18756421/Monthly _Work_Report_on_apripex.com_24-07-2026.xlsx,True,True
unpaid_with_deliverable,44063994,UGC video actress,50.00000000,Design & Creative,Performing Arts,0,,1,deliverables/unpaid_18707854/link 2.docx,True,True
unpaid_with_deliverable,44099875,Looker Studio BigQuery Migration,300.00000000,Data Science & Analytics,Data Analysis & Testing,0,,2,deliverables/unpaid_18761692/Fishwife___Analytics_&_Marketing_Dashboard.pdf;deliverables/unpaid_18761692/PetMeds___Analytics_&_Marketing_Dashboard.pdf,True,True
unpaid_with_deliverable,44100158,Thumbnail for youtube video,,Design & Creative,"Graphic, Editorial & Presentation Design",0,,1,deliverables/unpaid_18713351/tn - 3.jpg,True,True
unpaid_with_deliverable,44113196,ugc video production,55.00000000,Design & Creative,Video & Animation,0,,1,deliverables/unpaid_18748739/Igbo hs.MOV,True,True
unpaid_with_deliverable,44132019,Financial Model,250.00000000,Accounting & Consulting,Financial Planning,0,,2,deliverables/rejected_18730583/FleetPods FM V2.xlsx;deliverables/rejected_18736280/FleetPods Alberta Presentation V1.pptx,True,True
unpaid_with_deliverable,44151581,Final Polish and Minor Edits for a 95% Complete Chinese Sales Page on Kajabi,8.00000000,Sales & Marketing,Digital Marketing,0,,2,deliverables/unpaid_18743599/screencapture-jim-liao-25a8-mykajabi-encore-page-1780470506-1784971349-1-2026-07-26-22_31_41.png;deliverables/unpaid_18743599/screencapture-jim-liao-25a8-mykajabi-encore-page-1780470506-1784971349-2026-07-26-22_31_21.png,True,True
unpaid_with_deliverable,44157148,Leadership Interview Questions Book (2nd Edition) - Ghostwriter Required,,Writing,Content Writing,0,,1,deliverables/unpaid_18755726/JA Milestone 1 (1).docx,True,True
unpaid_with_deliverable,44159601,Senior Full-Stack / Platform Engineer for AI SaaS Platform,,"Web, Mobile & Software Dev",Web Development,0,,14,deliverables/unpaid_18746567/BIQc Audit ΓÇö Markdown source/04_EVIDENCE_LOG.md;deliverables/unpaid_18746567/BIQc Audit ΓÇö Markdown source/01_FOUNDER_SUMMARY.md;deliverables/unpaid_18746567/BIQc Audit ΓÇö Markdown source/05_SCOPE_AND_TIMELINE.md;deliverables/unpaid_18746567/BIQc Audit ΓÇö Markdown source/03_REMEDIATION_PLAN.md;deliverables/unpaid_18746567/BIQc Audit ΓÇö Markdown source/06_ASSUMPTIONS_EXCLUSIONS_AND_DECISIONS.md;deliverables/unpaid_18746567/BIQc Audit ΓÇö Markdown source/02_FINDINGS_REGISTER.md;deliverables/unpaid_18746567/BIQc Audit ΓÇö Markdown source/00_START_HERE.md;deliverables/unpaid_18746567/BIQc Audit ΓÇö Word/04_EVIDENCE_LOG.docx;deliverables/unpaid_18746567/BIQc Audit ΓÇö Word/06_ASSUMPTIONS_EXCLUSIONS_AND_DECISIONS.docx;deliverables/unpaid_18746567/BIQc Audit ΓÇö Word/05_SCOPE_AND_TIMELINE.docx;deliverables/unpaid_18746567/BIQc Audit ΓÇö Word/03_REMEDIATION_PLAN.docx;deliverables/unpaid_18746567/BIQc Audit ΓÇö Word/01_FOUNDER_SUMMARY.docx;deliverables/unpaid_18746567/BIQc Audit ΓÇö Word/00_START_HERE.docx;deliverables/unpaid_18746567/BIQc Audit ΓÇö Word/02_FINDINGS_REGISTER.docx,True,True
unpaid_with_deliverable,44166278,Full Stack Developer Needed – Billing Software (Flutter + NestJS),22.00000000,"Web, Mobile & Software Dev",Web Development,1,attachments/Billing_Software_Requirements_Enhanced_7Days.docx,1,deliverables/rejected_18758895/BillMaster-Work-Completed.pdf,True,True
unpaid_with_deliverable,44190396,"Looking for a Full stack developer Python, FAST API to enhance an existing agent on our platform",850.00000000,"Web, Mobile & Software Dev",Web Development,2,attachments/GIA for SHOPLINE-One-pager.pdf;attachments/GIA-FOR-SHOPLINE-TECHNICAL COMPLIANCE-ONE-PAGER.pdf,1,deliverables/unpaid_18764804/UPWORK-MILESTONE-SUBMISSION.md,True,True
unpaid_with_deliverable,44199774,Review of Translation and Voiceover in Danish,110.00000000,Translation,Translation & Localization Services,0,,1,deliverables/unpaid_18763469/DK_DK_KLARLUNDPEDERSEN_ORIGINAL_WORK.docx,True,True
unpaid_with_deliverable,44199905,"Medical Book Editor & Proofreader Needed (2 Books, Under 40,000 Words Total)",200.00000000,Writing,Editing & Proofreading Services,0,,4,deliverables/unpaid_18764287/Amoxicillin final.docx;deliverables/unpaid_18764287/Amoxicillin tracked.docx;deliverables/unpaid_18764287/Viagra final.docx;deliverables/unpaid_18764287/Viagra edits.docx,True,True
