contract_id,opening_uid,job_title,job_description,job_amount,category,subcategory,subsubcategory,expertise_tier,start_ts,end_ts,num_opening_attachments,num_milestones
44184863,2082118986708632486,Children's Book Character Sheet Illustrator Needed,"I am looking for a talented children's book illustrator to create professional character sheets for my children's book.
Requirements:
Experience with children's book illustrations
Ability to create consistent, expressive character designs
Character turnaround (front, side, and back views)
Multiple facial expressions and poses
Clean, high-quality artwork
Good communication and attention to detail
Please include your portfolio, especially any children's book or character design work.
If your work is a good fit, there will be opportunities for more illustration projects in the future.",10.00000000,Design & Creative,Art & Illustration,Cartoons & Comics,Intermediate,2026-07-28 17:09:16.630,2026-07-31 18:52:40.975,0,0
